	id	chr	start	end	center	Mcm2_G1_cpm_area	Mcm4_G1_cpm_area	Sld3_G1_start	Sld3_G1_end	Sld3_G1_center	ARS_SGD	ARS_early	ARS_late
0	chrI:1	chrI	6399	6549	6474	21140.082499999993	25979.94350000001				0	0	0
1	chrI:2	chrI	8119	8269	8194	29782.7262	36479.6671				1	0	0
2	chrI:3	chrI	10063	10213	10138	37737.971	34678.627000000015				0	0	0
3	chrI:4	chrI	16805	16955	16880	25590.70499999998	29580.4454				0	0	0
4	chrI:5	chrI	23233	23383	23308	4095.591200000001	4481.113459999998				0	0	0
5	chrI:6	chrI	23848	23998	23923	5292.012600000001	7441.5459				0	0	0
6	chrI:7	chrI	30919	31069	30994	70424.227	66750.69399999997				1	0	1
7	chrI:8	chrI	41961	42111	42036	73435.18500000003	73110.528				1	0	0
8	chrI:9	chrI	70281	70431	70356	25799.262000000002	33970.890999999996				1	0	1
9	chrI:10	chrI	73487	73637	73562	10527.964100000001	12818.260800000005				0	0	0
10	chrI:11	chrI	94523	94673	94598	9579.556600000002	14741.1859				0	0	0
11	chrI:12	chrI	110309	110459	110384	2528.1040000000003	4349.548				0	0	0
12	chrI:13	chrI	124411	124561	124486	77013.00300000003	74180.17400000003	124410	124560	124485.0	1	0	1
13	chrI:14	chrI	137453	137603	137528	4217.8312	4932.0743999999995				0	0	0
14	chrI:15	chrI	147489	147639	147564	61745.59499999997	60738.08699999999	147520	147670	147595.0	1	1	0
15	chrI:16	chrI	159939	160089	160014	43745.76799999998	43764.126	159943	160093	160018.0	1	0	0
16	chrI:17	chrI	176220	176370	176295	41401.894	37454.445000000014	176117	176267	176192.0	1	1	0
17	chrI:18	chrI	197605	197755	197680	25368.716999999986	28019.331999999995				0	0	0
18	chrI:19	chrI	199914	200064	199989	32418.3443	34808.92319999999				0	0	0
19	chrI:20	chrI	214983	215133	215058	82217.92800000001	83212.741	214957	215107	215032.0	1	0	0
20	chrI:21	chrI	223963	224113	224038	46128.60599999999	43778.707999999984				1	0	1
21	chrII:1	chrII	5639	5789	5714	13761.2299	12415.303100000001				0	0	0
22	chrII:2	chrII	6487	6637	6562	52608.450999999994	51523.653499999986				1	0	0
23	chrII:3	chrII	28884	29034	28959	52309.85299999999	54925.132				1	0	0
24	chrII:4	chrII	36039	36189	36114	5248.146299999999	3883.0326699999996				0	0	0
25	chrII:5	chrII	38898	39048	38973	18483.91939999999	26524.229				0	0	0
26	chrII:6	chrII	63233	63383	63308	39013.831999999995	36892.48800000003	63455	63605	63530.0	1	1	0
27	chrII:7	chrII	93432	93582	93507	69763.12300000004	74378.11899999995				1	0	0
28	chrII:8	chrII	143655	143805	143730	68023.46499999997	67438.938				1	0	1
29	chrII:9	chrII	169985	170135	170060	47708.861000000004	55514.28				1	0	1
30	chrII:10	chrII	186605	186755	186680	3293.7203999999997	3605.2756999999992	186532	186682	186607.0	0	0	0
31	chrII:11	chrII	198617	198767	198692	22039.269299999985	22769.849000000013				1	1	0
32	chrII:12	chrII	209415	209565	209490	14782.960999999996	17374.317800000008	209429	209579	209504.0	0	0	0
33	chrII:13	chrII	212319	212469	212394	3139.5924000000005	4636.7476000000015				0	0	0
34	chrII:14	chrII	237755	237905	237830	56959.229999999996	57211.396	237640	237790	237715.0	1	1	0
35	chrII:15	chrII	246685	246835	246760	4751.855200000002	6446.6720000000005	246693	246843	246768.0	0	0	0
36	chrII:16	chrII	254953	255103	255028	14149.435100000002	8008.174900000002	254474	254624	254549.0	1	1	0
37	chrII:17	chrII	266007	266157	266082	9340.1938	13949.720699999998				0	0	0
38	chrII:18	chrII	283505	283655	283580	12903.738499999992	19013.58660000001				0	0	0
39	chrII:19	chrII	292685	292835	292760	11737.532000000003	15104.004800000002				0	0	0
40	chrII:20	chrII	308713	308863	308788	10313.358599999998	11213.814900000008				0	0	0
41	chrII:21	chrII	326076	326226	326151	50714.10199999998	58170.64600000001	326144	326294	326219.0	1	0	1
42	chrII:22	chrII	342941	343091	343016	4948.455900000003	3987.7585100000006				0	0	0
43	chrII:23	chrII	379045	379195	379120	23556.148000000005	25060.7711				1	0	0
44	chrII:24	chrII	389202	389352	389277	45283.18300000001	46794.62319999998				1	0	0
45	chrII:25	chrII	407907	408057	407982	43965.616000000016	48574.24499999997	408325	408475	408400.6666666667	1	1	0
46	chrII:26	chrII	417573	417723	417648	51214.919999999955	53046.977999999996				1	0	0
47	chrII:27	chrII	424857	425007	424932	3210.055570000001	3162.0912500000027				0	0	0
48	chrII:28	chrII	441318	441468	441393	9645.490899999995	15158.308900000009				0	0	0
49	chrII:29	chrII	460477	460627	460552	3814.6226499999993	5162.186299999996				0	0	0
50	chrII:30	chrII	481047	481197	481122	5355.339899999997	7972.220500000003				0	0	0
51	chrII:31	chrII	486761	486911	486836	70909.924	73084.69099999999				1	1	0
52	chrII:32	chrII	499272	499422	499347	14026.236800000002	16265.283800000001				0	0	0
53	chrII:33	chrII	517175	517325	517250	65920.318	62913.086				1	0	0
54	chrII:34	chrII	539344	539494	539419	47882.895	50383.92900000001				0	0	0
55	chrII:35	chrII	546151	546301	546226	2423.548389999999	3747.851				0	0	0
56	chrII:36	chrII	584617	584767	584692	19536.461100000004	24537.45439999999				0	0	0
57	chrII:37	chrII	591306	591456	591381	65819.761	69579.528				0	0	0
58	chrII:38	chrII	611805	611955	611880	13515.469700000005	15993.438500000002				0	0	0
59	chrII:39	chrII	622710	622860	622785	54774.83899999998	55086.638				1	1	0
60	chrII:40	chrII	632011	632161	632086	52461.155000000006	57037.40600000001				1	0	0
61	chrII:41	chrII	643677	643827	643752	3864.450990000002	3290.369489999999				0	0	0
62	chrII:42	chrII	664739	664889	664814	5680.9486	8448.949199999997				0	0	0
63	chrII:43	chrII	673509	673659	673584	4717.145569999999	5461.6251200000015				0	0	0
64	chrII:44	chrII	676191	676341	676266	21888.936900000008	25500.970000000005				0	0	0
65	chrII:45	chrII	704213	704363	704288	63885.4	63478.35699999997				1	0	1
66	chrII:46	chrII	720519	720669	720594	37173.10400000001	30406.36399999998				0	0	0
67	chrII:47	chrII	741685	741835	741760	72170.49800000002	74304.902				1	0	1
68	chrII:48	chrII	757439	757589	757514	71773.55900000001	66088.246				1	0	1
69	chrII:49	chrII	773907	774057	773982	68691.95999999999	60131.86500000002				0	0	0
70	chrII:50	chrII	792111	792261	792186	53493.025	58739.66999999999				1	0	0
71	chrII:51	chrII	796571	796721	796646	39934.592	48935.035999999986				0	0	0
72	chrII:52	chrII	802259	802409	802334	49270.969	39377.800999999985				0	0	0
73	chrIII:1	chrIII	11214	11364	11289	81061.458	79685.86899999998				1	0	0
74	chrIII:2	chrIII	14659	14809	14734	40932.256	47571.54199999999				1	0	0
75	chrIII:3	chrIII	15263	15413	15338	47931.115000000005	40162.51000000001				1	0	0
76	chrIII:4	chrIII	30143	30293	30218	23162.207699999995	24873.35409999999	31214	31364	31289.0	1	0	0
77	chrIII:5	chrIII	39458	39608	39533	30688.143599999978	24475.862700000005	39045	39195	39120.0	1	1	0
78	chrIII:6	chrIII	74492	74642	74567	23971.91309999999	17268.3099	74105	74255	74180.0	1	1	0
79	chrIII:7	chrIII	84543	84693	84618	2959.1830800000007	3431.1357799999996	84443	84593	84518.0	0	0	0
80	chrIII:8	chrIII	92427	92577	92502	6985.8254	11081.478100000008				0	0	0
81	chrIII:9	chrIII	108923	109073	108998	50727.11800000001	50657.444999999985	108904	109054	108979.0	1	1	0
82	chrIII:10	chrIII	114671	114821	114746	27263.93270000001	36104.143999999986	114657	114807	114732.0	1	1	0
83	chrIII:11	chrIII	120665	120815	120740	8366.377	11844.440100000002	120582	120732	120657.0	0	0	0
84	chrIII:12	chrIII	132191	132341	132266	33489.46400000001	29849.83700000001	132243	132393	132318.0	1	1	0
85	chrIII:13	chrIII	160481	160631	160556	5057.157400000002	7650.7019				0	0	0
86	chrIII:14	chrIII	166639	166789	166714	73882.87399999998	69266.24	166602	166752	166677.0	1	1	0
87	chrIII:15	chrIII	194276	194426	194351	63850.16000000001	67837.07600000003				1	0	0
88	chrIII:16	chrIII	197449	197599	197524	67598.59500000003	58502.64100000001				1	0	0
89	chrIII:17	chrIII	205697	205847	205772	5737.658399999996	7309.27892				0	0	0
90	chrIII:18	chrIII	224809	224959	224884	65825.59900000002	66851.101	224805	224955	224880.0	1	1	0
91	chrIII:19	chrIII	232947	233097	233022	3319.3745199999994	4758.18541				0	0	0
92	chrIII:20	chrIII	248787	248937	248862	2945.0389800000007	3322.5337100000006				0	0	0
93	chrIII:21	chrIII	272899	273049	272974	55845.44699999995	59350.06800000001				1	0	1
94	chrIII:22	chrIII	292565	292715	292640	65608.35300000002	60788.477999999996				1	0	1
95	chrIII:23	chrIII	294799	294949	294874	54825.26300000001	57653.611				1	0	1
96	chrIII:24	chrIII	306646	306796	306721	10449.194299999992	14813.193500000003				0	0	0
97	chrIV:1	chrIV	8413	8563	8488	66830.52200000004	62226.95500000003				0	0	0
98	chrIV:2	chrIV	15509	15659	15584	70532.54500000001	68609.86699999998				1	0	0
99	chrIV:3	chrIV	21689	21839	21764	10580.240899999999	12103.443299999997				0	0	0
100	chrIV:4	chrIV	46071	46221	46146	58207.77900000002	57531.117				1	0	1
101	chrIV:5	chrIV	65847	65997	65922	2750.121900000002	4644.761099999997				0	0	0
102	chrIV:6	chrIV	85845	85995	85920	53464.188999999984	49382.558000000005				1	0	1
103	chrIV:7	chrIV	95765	95915	95840	19735.0759	24934.2469				0	0	0
104	chrIV:8	chrIV	101024	101174	101099	15764.245299999999	23056.519999999986				0	0	0
105	chrIV:9	chrIV	123643	123793	123718	69800.53500000005	68917.31100000002				1	1	0
106	chrIV:10	chrIV	137544	137694	137619	50179.85800000004	52132.86699999999				0	0	0
107	chrIV:11	chrIV	157964	158114	158039	37993.63499999999	37695.43200000001				0	0	0
108	chrIV:12	chrIV	169637	169787	169712	11780.212300000005	15659.647600000002				0	0	0
109	chrIV:13	chrIV	212481	212631	212556	59636.71200000002	61965.15499999999				1	1	0
110	chrIV:14	chrIV	228981	229131	229056	3257.5517399999985	4055.1396500000033				0	0	0
111	chrIV:15	chrIV	232129	232279	232204	7983.7951	11959.597199999995				0	0	0
112	chrIV:16	chrIV	235957	236107	236032	12815.465399999995	21239.187099999996				1	0	0
113	chrIV:17	chrIV	253789	253939	253864	78277.07200000006	78397.45300000004				1	0	1
114	chrIV:18	chrIV	316828	316978	316903	68230.10900000001	66872.72600000001				1	0	0
115	chrIV:19	chrIV	329633	329783	329708	53197.13269999999	55351.02830000002	329629	329779	329704.0	1	1	0
116	chrIV:20	chrIV	351204	351354	351279	7960.072700000001	8962.2297				0	0	0
117	chrIV:21	chrIV	358884	359034	358959	4548.053199999998	5465.373139999996				0	0	0
118	chrIV:22	chrIV	386283	386433	386358	2447.173799999999	5107.178900000003				0	0	0
119	chrIV:23	chrIV	400747	400897	400822	11226.669999999998	12940.9592				0	0	0
120	chrIV:24	chrIV	408058	408208	408133	57775.40399999999	56046.26600000001	408066	408216	408141.0	1	1	0
121	chrIV:25	chrIV	435096	435246	435171	62163.685	58998.85299999999	435063	435213	435138.0	1	1	0
122	chrIV:26	chrIV	443811	443961	443886	18122.951100000002	22558.119500000015	444267	444417	444342.0	0	0	0
123	chrIV:27	chrIV	446585	446735	446660	7511.319799999998	8638.382599999999	446601	446751	446676.0	0	0	0
124	chrIV:28	chrIV	462491	462641	462566	49544.16200000002	47851.27599999998	462509	462659	462584.0	1	1	0
125	chrIV:29	chrIV	476568	476718	476643	16373.70710000001	21155.451399999994	476451	476601	476526.0	0	0	0
126	chrIV:30	chrIV	483893	484043	483968	47282.137999999984	49151.97500000001	483910	484060	483985.0	1	1	0
127	chrIV:31	chrIV	505417	505567	505492	73925.55600000004	68430.36000000004				1	1	0
128	chrIV:32	chrIV	513221	513371	513296	4192.026989999996	5181.016889999991				0	0	0
129	chrIV:33	chrIV	521559	521709	521634	4543.578449999999	5812.865889999998				0	0	0
130	chrIV:34	chrIV	544779	544929	544854	5075.1138	6325.879299999997				0	0	0
131	chrIV:35	chrIV	555302	555452	555377	41797.055	35299.697	555518	555668	555593.0	1	1	0
132	chrIV:36	chrIV	567577	567727	567652	55682.58500000001	52594.64300000001	567557	567707	567632.0	1	0	0
133	chrIV:37	chrIV	602105	602255	602180	2716.395600000001	2791.97315				0	0	0
134	chrIV:38	chrIV	629277	629427	629352	55931.21199999998	56232.49200000002				1	0	1
135	chrIV:39	chrIV	639973	640123	640048	86758.48200000002	77150.26000000002				1	0	1
136	chrIV:40	chrIV	702909	703059	702984	66239.95599999999	64753.34900000001				1	0	1
137	chrIV:41	chrIV	720798	720948	720873	27855.588999999993	23230.149199999993				0	0	0
138	chrIV:42	chrIV	748517	748667	748592	41826.70499999999	46006.50199999998				1	0	1
139	chrIV:43	chrIV	753209	753359	753284	79702.278	78246.13399999999				1	0	1
140	chrIV:44	chrIV	805979	806129	806054	60042.732999999986	64181.55899999998				1	0	1
141	chrIV:45	chrIV	845089	845239	845164	6217.727499999999	6500.074800000003				0	0	0
142	chrIV:46	chrIV	878029	878179	878104	58477.911	55805.744000000006	878002	878152	878077.0	0	0	0
143	chrIV:47	chrIV	888939	889089	889014	3507.849299999998	5561.680499999999				0	0	0
144	chrIV:48	chrIV	898479	898629	898554	23129.186	24319.710000000003				0	0	0
145	chrIV:49	chrIV	899245	899395	899320	30730.938	25926.738299999994				1	0	0
146	chrIV:50	chrIV	913827	913977	913902	29582.73900000001	22993.26630000001	914080	914230	914155.0	1	1	0
147	chrIV:51	chrIV	921725	921875	921800	59337.205	50858.73300000003				1	0	0
148	chrIV:52	chrIV	937562	937712	937637	3124.1929500000006	4924.405200000003				0	0	0
149	chrIV:53	chrIV	943478	943628	943553	9814.125200000002	16484.46799999999				0	0	0
150	chrIV:54	chrIV	980079	980229	980154	19810.004999999997	24426.032499999998	981311	981461	981386.0	0	0	0
151	chrIV:55	chrIV	1016703	1016853	1016778	65238.50199999995	66149.879				1	1	0
152	chrIV:56	chrIV	1021741	1021891	1021816	9094.516300000001	12312.904699999997				0	0	0
153	chrIV:57	chrIV	1033310	1033460	1033385	34377.064000000006	36872.96900000002				0	0	0
154	chrIV:58	chrIV	1057787	1057937	1057862	68225.09700000001	65547.98				1	1	0
155	chrIV:59	chrIV	1077815	1077965	1077890	5416.1784	6426.379799999998				0	0	0
156	chrIV:60	chrIV	1109953	1110103	1110028	78159.00999999998	78654.417				1	0	1
157	chrIV:61	chrIV	1130879	1131029	1130954	13943.815299999995	14631.9418				0	0	0
158	chrIV:62	chrIV	1149507	1149657	1149582	3240.5387000000023	4110.752500000001				0	0	0
159	chrIV:63	chrIV	1150981	1151131	1151056	5735.7251400000005	7599.2678049999995				0	0	0
160	chrIV:64	chrIV	1159291	1159441	1159366	49072.867	41983.78899999998	1159297	1159447	1159372.0	1	1	0
161	chrIV:65	chrIV	1166031	1166181	1166106	54329.204999999994	56766.986	1166097	1166247	1166172.0	1	1	0
162	chrIV:66	chrIV	1201499	1201649	1201574	2984.930699999999	4466.407000000001				0	0	0
163	chrIV:67	chrIV	1213591	1213741	1213666	12169.072100000003	11738.092800000004				0	0	0
164	chrIV:68	chrIV	1240779	1240929	1240854	43159.16399999999	40139.077				1	0	1
165	chrIV:69	chrIV	1266199	1266349	1266274	8521.057900000003	8507.756999999998				0	0	0
166	chrIV:70	chrIV	1276211	1276361	1276286	74415.90100000001	73859.29800000007				1	0	1
167	chrIV:71	chrIV	1302633	1302783	1302708	84834.90400000001	73314.568				1	0	1
168	chrIV:72	chrIV	1339459	1339609	1339534	3995.9443699999997	4486.758240000001				0	0	0
169	chrIV:73	chrIV	1353493	1353643	1353568	60022.66599999998	63758.289000000004				0	0	0
170	chrIV:74	chrIV	1379619	1379769	1379694	51517.57899999999	55474.61299999999				1	0	1
171	chrIV:75	chrIV	1385504	1385654	1385579	2935.0196900000014	2576.8560799999977				0	0	0
172	chrIV:76	chrIV	1404291	1404441	1404366	70621.76099999998	74184.03300000002				1	0	1
173	chrIV:77	chrIV	1447376	1447526	1447451	67139.21300000002	61783.013999999974				0	0	0
174	chrIV:78	chrIV	1462015	1462165	1462090	77459.259	74382.77000000005				1	0	1
175	chrIV:79	chrIV	1486871	1487021	1486946	64391.164000000004	55639.21299999997				1	0	1
176	chrIV:80	chrIV	1502651	1502801	1502726	71642.38600000001	64363.49200000004				0	0	0
177	chrIV:81	chrIV	1524591	1524741	1524666	56946.421	55362.106000000014				0	0	0
178	chrIV:82	chrIV	1525569	1525719	1525644	12839.208300000004	11612.413099999994				0	0	0
179	chrV:1	chrV	6367	6517	6442	63032.700000000004	54931.05799999997				1	0	0
180	chrV:2	chrV	11822	11972	11897	54591.23299999999	54154.956000000006				0	0	0
181	chrV:3	chrV	18340	18490	18415	23024.807	24482.833999999995				0	0	0
182	chrV:4	chrV	59342	59492	59417	43235.70400000002	41551.49600000001	59377	59527	59452.0	1	1	0
183	chrV:5	chrV	94010	94160	94085	32375.812999999995	22898.9453	94021	94171	94096.0	1	1	0
184	chrV:6	chrV	102394	102544	102469	7777.302800000004	10678.17400000001	101571	101721	101646.0	0	0	0
185	chrV:7	chrV	109875	110025	109950	11024.707700000003	11940.7424	111153	111303	111228.0	0	0	0
186	chrV:8	chrV	145596	145746	145671	57222.35499999998	60933.082299999995	145594	145744	145669.0	1	1	0
187	chrV:9	chrV	164397	164547	164472	15529.218199999992	16350.584200000007	164402	164552	164477.0	0	0	0
188	chrV:10	chrV	173727	173877	173802	40899.65700000001	36901.511000000006	173345	173495	173420.0	1	1	0
189	chrV:11	chrV	184332	184482	184407	4051.487399999999	7086.260500000001				0	0	0
190	chrV:12	chrV	192638	192788	192713	4181.186999999999	4458.5893				0	0	0
191	chrV:13	chrV	212390	212540	212465	63203.30299999998	62607.365000000005				1	0	1
192	chrV:14	chrV	221711	221861	221786	6013.720680000001	8170.30222				0	0	0
193	chrV:15	chrV	232223	232373	232298	2974.01988	3842.1926599999993				0	0	0
194	chrV:16	chrV	241493	241643	241568	2593.2981300000006	3736.174399999998				0	0	0
195	chrV:17	chrV	256109	256259	256184	43166.17549999998	54227.531300000024				0	0	0
196	chrV:18	chrV	276189	276339	276264	15082.465899999997	18961.758400000017				1	0	0
197	chrV:19	chrV	278044	278194	278119	18699.504699999998	24662.834999999992				1	0	0
198	chrV:20	chrV	287583	287733	287658	62149.77299999998	61602.563				1	1	0
199	chrV:21	chrV	301665	301815	301740	26991.399700000013	28931.353399999996				0	0	0
200	chrV:22	chrV	316563	316713	316638	41443.09710000002	45152.804000000004				1	0	0
201	chrV:23	chrV	339525	339675	339600	2930.7303099999995	3788.778269999999				0	0	0
202	chrV:24	chrV	353558	353708	353633	70497.59199999995	70095.56000000001	353547	353697	353622.0	1	1	0
203	chrV:25	chrV	373195	373345	373270	13522.598499999998	15467.152				0	0	0
204	chrV:26	chrV	386641	386791	386716	3719.718659999999	5902.714799999999				0	0	0
205	chrV:27	chrV	406836	406986	406911	68107.61100000002	66849.44600000001				1	1	0
206	chrV:28	chrV	430827	430977	430902	7071.690399999995	11316.941699999998				0	0	0
207	chrV:29	chrV	438944	439094	439019	67060.53000000001	71165.33200000001	438975	439125	439050.0	1	1	0
208	chrV:30	chrV	498873	499023	498948	49048.327000000005	53957.05800000001				1	1	0
209	chrV:31	chrV	520871	521021	520946	49577.10999999997	52549.926999999974				1	0	0
210	chrV:32	chrV	549543	549693	549618	85309.952	70774.261				1	0	1
211	chrV:33	chrV	569555	569705	569630	66169.721	64187.24499999998				1	0	1
212	chrV:34	chrV	570394	570544	570469	11706.177299999996	11367.782				0	0	0
213	chrVI:1	chrVI	5406	5556	5481	61315.774999999994	56538.35099999999	4664	4814	4739.0	1	0	0
214	chrVI:2	chrVI	8059	8209	8134	54929.28299999999	49634.22600000002				0	0	0
215	chrVI:3	chrVI	12769	12919	12844	27153.5179	33028.17600000002				0	0	0
216	chrVI:4	chrVI	19014	19164	19089	42423.40999999998	47046.09000000003				0	0	0
217	chrVI:5	chrVI	20675	20825	20750	78714.19300000007	75263.39300000003				1	0	0
218	chrVI:6	chrVI	32755	32905	32830	74277.22500000002	57951.39599999998				1	0	1
219	chrVI:7	chrVI	42636	42786	42711	2927.0337799999993	3286.7033699999997				0	0	0
220	chrVI:8	chrVI	45569	45719	45644	2832.7306200000003	3975.108670000002				0	0	0
221	chrVI:9	chrVI	52608	52758	52683	7096.601100000005	10935.392800000003				0	0	0
222	chrVI:10	chrVI	58066	58216	58141	3102.4201	5112.310300000001				0	0	0
223	chrVI:11	chrVI	62861	63011	62936	8790.977200000001	10650.219499999996				0	0	0
224	chrVI:12	chrVI	68789	68939	68864	79782.00300000008	84512.58199999995				1	0	1
225	chrVI:13	chrVI	84123	84273	84198	2725.390680000002	2961.621600000001				0	0	0
226	chrVI:14	chrVI	100750	100900	100825	2745.603989999999	3061.72573				0	0	0
227	chrVI:15	chrVI	104427	104577	104502	5899.536039999997	9367.085739999997				1	0	0
228	chrVI:16	chrVI	118622	118772	118697	65994.54799999998	69707.42900000002	118606	118756	118681.0	1	1	0
229	chrVI:17	chrVI	127992	128142	128067	2443.1179199999997	4481.717800000005				1	0	1
230	chrVI:18	chrVI	135905	136055	135980	64452.20600000001	71258.03400000006	135912	136062	135987.0	1	1	0
231	chrVI:19	chrVI	148917	149067	148992	3448.9279899999988	4372.88754	149821	149971	149896.0	0	0	0
232	chrVI:20	chrVI	167611	167761	167686	52119.77199999998	54033.85099999996	167606	167756	167681.0	1	1	0
233	chrVI:21	chrVI	199367	199517	199442	19432.267300000007	14618.185	199027	199177	199102.0	1	1	0
234	chrVI:22	chrVI	205168	205318	205243	2709.9210199999993	3034.2097000000003				0	0	0
235	chrVI:23	chrVI	216436	216586	216511	60732.52700000001	64530.59600000003	216441	216591	216516.0	1	0	0
236	chrVI:24	chrVI	256410	256560	256485	65201.13199999998	66639.06999999998				1	0	1
237	chrVI:25	chrVI	262255	262405	262330	7879.718800000002	10531.263900000004				0	0	0
238	chrVII:1	chrVII	2540	2690	2615	35106.403	34291.94199999999				0	0	0
239	chrVII:2	chrVII	7811	7961	7886	52867.73800000002	55726.08799999997				0	0	0
240	chrVII:3	chrVII	17772	17922	17847	80617.389	83550.29400000002				0	0	0
241	chrVII:4	chrVII	32854	33004	32929	50188.38400000002	57141.77600000001				0	0	0
242	chrVII:5	chrVII	43233	43383	43308	4902.137000000002	7545.20665				0	0	0
243	chrVII:6	chrVII	64231	64381	64306	74652.71599999997	62562.342000000004				1	0	1
244	chrVII:7	chrVII	89871	90021	89946	3388.5290800000002	4698.986690000003				0	0	0
245	chrVII:8	chrVII	91279	91429	91354	5517.698240000001	5752.129210000003				0	0	0
246	chrVII:9	chrVII	112103	112253	112178	89072.91499999995	92020.31799999998	111057	111207	111132.0	1	0	1
247	chrVII:10	chrVII	114777	114927	114852	22751.990499999993	31420.600500000008				0	0	0
248	chrVII:11	chrVII	117593	117743	117668	35966.26499999998	44302.08500000003				1	0	1
249	chrVII:12	chrVII	163170	163320	163245	89397.13500000001	83979.96600000004				1	1	0
250	chrVII:13	chrVII	171168	171318	171243	26520.333400000003	29423.124499999998				0	0	0
251	chrVII:14	chrVII	187319	187469	187394	36235.09569999999	48129.02020000002				1	0	0
252	chrVII:15	chrVII	203957	204107	204032	65890.60000000002	57086.75800000001	203888	204038	203963.0	1	1	0
253	chrVII:16	chrVII	220853	221003	220928	7251.824799999999	10846.825099999998				0	0	0
254	chrVII:17	chrVII	232292	232442	232367	18187.7407	19742.877399999994				0	0	0
255	chrVII:18	chrVII	241116	241266	241191	73904.30800000002	72122.08299999998				1	0	0
256	chrVII:19	chrVII	248403	248553	248478	11488.3992	14353.3876				0	0	0
257	chrVII:20	chrVII	265923	266073	265998	11427.045499999991	14724.810899999997				0	0	0
258	chrVII:21	chrVII	274576	274726	274651	13469.4147	15955.227499999999				0	0	0
259	chrVII:22	chrVII	285967	286117	286042	52402.15700000003	46423.91199999999				1	1	0
260	chrVII:23	chrVII	313047	313197	313122	4626.141919999996	5254.136100000001				0	0	0
261	chrVII:24	chrVII	318759	318909	318834	14100.341200000003	13602.599899999996				0	0	0
262	chrVII:25	chrVII	324255	324405	324330	2317.8096000000005	2704.6167999999993				0	0	0
263	chrVII:26	chrVII	341863	342013	341938	4039.0095699999997	4746.057139999996				0	0	0
264	chrVII:27	chrVII	352783	352933	352858	61454.20900000002	73973.62400000003				1	0	1
265	chrVII:28	chrVII	388735	388885	388810	44228.17800000001	43169.306999999986	388789	388939	388864.0	1	1	0
266	chrVII:29	chrVII	402005	402155	402080	19656.523570000012	20097.05857	402007	402157	402082.0	0	0	0
267	chrVII:30	chrVII	421163	421313	421238	50364.05199999999	51151.45250000002	421210	421360	421285.0	1	1	0
268	chrVII:31	chrVII	435149	435299	435224	5130.783600000003	7849.112900000002				0	0	0
269	chrVII:32	chrVII	464969	465119	465044	2584.6287999999995	3498.743609999999	465547	465697	465622.0	0	0	0
270	chrVII:33	chrVII	484908	485058	484983	60447.454999999994	68225.67099999999	484880	485030	484955.0	1	1	0
271	chrVII:34	chrVII	508807	508957	508882	85900.568	75942.04300000003	508797	508947	508872.0	1	1	0
272	chrVII:35	chrVII	552187	552337	552262	2913.465900000001	4625.2723				0	0	0
273	chrVII:36	chrVII	553879	554029	553954	8166.579900000002	6257.209000000003				0	0	0
274	chrVII:37	chrVII	561361	561511	561436	5912.34577	5851.079120000003				0	0	0
275	chrVII:38	chrVII	568535	568685	568610	71575.61100000002	64305.914999999964	568522	568672	568597.0	1	0	0
276	chrVII:39	chrVII	574635	574785	574710	44862.267000000014	49747.018999999964				1	1	0
277	chrVII:40	chrVII	591924	592074	591999	9325.850700000005	13086.913899999996				0	0	0
278	chrVII:41	chrVII	607481	607631	607556	10121.741000000002	11273.617800000004				0	0	0
279	chrVII:42	chrVII	608440	608590	608515	3018.0200700000014	4417.14966				0	0	0
280	chrVII:43	chrVII	620697	620847	620772	13411.880799999995	15848.848500000002				0	0	0
281	chrVII:44	chrVII	621987	622137	622062	4705.118100000003	6195.287399999999				0	0	0
282	chrVII:45	chrVII	631202	631352	631277	8330.6099	10704.755				0	0	0
283	chrVII:46	chrVII	635595	635745	635670	5939.912200000004	7908.736000000002				0	0	0
284	chrVII:47	chrVII	636853	637003	636928	7085.137600000001	8138.877600000004				0	0	0
285	chrVII:48	chrVII	653714	653864	653789	48957.77500000002	51809.916999999994				0	0	0
286	chrVII:49	chrVII	659901	660051	659976	80393.173	79393.095				1	1	0
287	chrVII:50	chrVII	698413	698563	698488	3129.5716000000007	5042.641100000002				0	0	0
288	chrVII:51	chrVII	705525	705675	705600	4465.816769999998	5212.984409999998				0	0	0
289	chrVII:52	chrVII	715237	715387	715312	60762.59199999996	59640.55199999998	715032	715182	715107.0	1	1	0
290	chrVII:53	chrVII	727871	728021	727946	10573.0379	12737.111799999993				0	0	0
291	chrVII:54	chrVII	735246	735396	735321	2803.7524999999982	3426.6248999999993	736037	736187	736112.0	0	0	0
292	chrVII:55	chrVII	735815	735965	735890	4472.338699999998	5717.035999999998	736037	736187	736112.0	0	0	0
293	chrVII:56	chrVII	765607	765757	765682	13223.150000000001	11235.657699999998				0	0	0
294	chrVII:57	chrVII	777972	778122	778047	53521.34000000001	60218.25000000001	778025	778175	778100.0	1	1	0
295	chrVII:58	chrVII	796032	796182	796107	9429.45	15912.5982				0	0	0
296	chrVII:59	chrVII	800494	800644	800569	2481.5197099999996	3992.409600000002				0	0	0
297	chrVII:60	chrVII	808237	808387	808312	6365.110500000001	8898.820900000002				0	0	0
298	chrVII:61	chrVII	834503	834653	834578	41884.33799999997	37167.24100000002	834506	834656	834581.0	1	1	0
299	chrVII:62	chrVII	846633	846783	846708	9864.700699999996	12163.394900000001				0	0	0
300	chrVII:63	chrVII	870017	870167	870092	3968.146429999999	4442.069690000003				0	0	0
301	chrVII:64	chrVII	879442	879592	879517	10136.528599999998	16471.4313	878245	878395	878320.0	0	0	0
302	chrVII:65	chrVII	888359	888509	888434	45846.75499999999	41603.804000000004	888583	888733	888658.0	1	1	0
303	chrVII:66	chrVII	916905	917055	916980	45617.16700000002	51892.10500000001				0	0	0
304	chrVII:67	chrVII	924517	924667	924592	3551.0454200000017	5431.833940000002				0	0	0
305	chrVII:68	chrVII	931719	931869	931794	4567.478579999993	5637.654046000007				0	0	0
306	chrVII:69	chrVII	942498	942648	942573	4717.793099999999	6100.120730000001				0	0	0
307	chrVII:70	chrVII	944795	944945	944870	3251.824379999997	5316.677500000002				0	0	0
308	chrVII:71	chrVII	963025	963175	963100	3876.53554	5924.113500000003				0	0	0
309	chrVII:72	chrVII	970271	970421	970346	7028.673400000003	11035.851199999997				0	0	0
310	chrVII:73	chrVII	977761	977911	977836	54410.93799999999	45771.915999999976				1	0	1
311	chrVII:74	chrVII	990755	990905	990830	3688.0272999999993	5942.341700000002				0	0	0
312	chrVII:75	chrVII	999448	999598	999523	51269.295999999995	57446.715				1	0	1
313	chrVII:76	chrVII	1004595	1004745	1004670	14797.3056	17930.940800000004				0	0	0
314	chrVII:77	chrVII	1011801	1011951	1011876	3788.6970499999993	5463.604709999998				0	0	0
315	chrVII:78	chrVII	1039275	1039425	1039350	2160.8582799999995	2473.2353800000024				0	0	0
316	chrVII:79	chrVII	1063499	1063649	1063574	81478.99000000002	81904.47000000003				0	0	0
317	chrVII:80	chrVII	1073723	1073873	1073798	23844.786999999997	27578.787				0	0	0
318	chrVII:81	chrVII	1083595	1083745	1083670	80785.95199999999	76739.93999999999				1	0	1
319	chrVII:82	chrVII	1084421	1084571	1084496	13693.561900000012	12302.506900000008				1	0	1
320	chrVIII:1	chrVIII	5365	5515	5440	69212.19800000002	60234.29200000002				1	0	0
321	chrVIII:2	chrVIII	7687	7837	7762	97088.18599999996	91390.98999999996				1	0	0
322	chrVIII:3	chrVIII	45697	45847	45772	72518.44400000002	74955.70800000003				0	0	0
323	chrVIII:4	chrVIII	56482	56632	56557	3746.3336000000018	3409.3420400000005				0	0	0
324	chrVIII:5	chrVIII	57290	57440	57365	5571.925900000004	9935.5136				0	0	0
325	chrVIII:6	chrVIII	58819	58969	58894	7178.342499999997	9833.284199999998				0	0	0
326	chrVIII:7	chrVIII	64270	64420	64345	83660.83800000003	74505.84700000001	64267	64417	64342.0	1	1	0
327	chrVIII:8	chrVIII	78613	78763	78688	7608.232099999998	10030.599100000003				0	0	0
328	chrVIII:9	chrVIII	87571	87721	87646	15735.193099999993	16866.967600000004				0	0	0
329	chrVIII:10	chrVIII	94781	94931	94856	10785.425700000002	11514.0202				0	0	0
330	chrVIII:11	chrVIII	111342	111492	111417	32862.3669	42166.247099999986	111346	111496	111421.0	0	0	0
331	chrVIII:12	chrVIII	116366	116516	116441	69399.48499999997	65978.49	116363	116513	116438.0	1	1	0
332	chrVIII:13	chrVIII	133371	133521	133446	69042.746	67854.72600000002	133382	133532	133457.0	1	1	0
333	chrVIII:14	chrVIII	141509	141659	141584	2551.1241999999993	3303.5966000000008				0	0	0
334	chrVIII:15	chrVIII	168563	168713	168638	79672.05700000003	72978.29199999999				1	0	1
335	chrVIII:16	chrVIII	193684	193834	193759	3902.544299999998	7479.9659999999985				0	0	0
336	chrVIII:17	chrVIII	198460	198610	198535	3055.5299700000005	3365.2007999999996				0	0	0
337	chrVIII:18	chrVIII	213081	213231	213156	102446.29399999998	92383.90800000007				1	0	0
338	chrVIII:19	chrVIII	215079	215229	215154	101688.51600000002	93400.94599999995				1	0	0
339	chrVIII:20	chrVIII	245727	245877	245802	80146.941	78241.26000000002				1	0	1
340	chrVIII:21	chrVIII	262083	262233	262158	3168.4619600000015	4344.7772700000005				0	0	0
341	chrVIII:22	chrVIII	279992	280142	280067	3099.451300000002	5038.704399999999				0	0	0
342	chrVIII:23	chrVIII	288929	289079	289004	11595.0512	15263.178900000003				0	0	0
343	chrVIII:24	chrVIII	297061	297211	297136	44955.202300000004	49583.55739999999	297143	297293	297218.0	1	1	0
344	chrVIII:25	chrVIII	349355	349505	349430	9807.451299999995	15028.878200000003				0	0	0
345	chrVIII:26	chrVIII	359569	359719	359644	78011.858	78444.71100000002				0	0	0
346	chrVIII:27	chrVIII	380877	381027	380952	37525.40699999996	42008.066000000006				0	0	0
347	chrVIII:28	chrVIII	392147	392297	392222	87026.08000000007	84940.93000000007				1	0	0
348	chrVIII:29	chrVIII	413447	413597	413522	12449.099300000007	13356.131899999998				0	0	0
349	chrVIII:30	chrVIII	447666	447816	447741	43346.459	40257.401899999975	448050	448200	448125.0	1	1	0
350	chrVIII:31	chrVIII	468069	468219	468144	3553.0137200000013	4023.067710000002				0	0	0
351	chrVIII:32	chrVIII	474479	474629	474554	71086.91900000002	62317.15700000002				0	0	0
352	chrVIII:33	chrVIII	501846	501996	501921	65443.41800000002	63588.623999999996				1	0	0
353	chrVIII:34	chrVIII	520340	520490	520415	75672.15900000001	73679.55				0	0	0
354	chrVIII:35	chrVIII	528627	528777	528702	8897.780299999999	12927.947200000004				0	0	0
355	chrVIII:36	chrVIII	535584	535734	535659	82765.46399999999	82095.78499999995	535556	535706	535631.0	0	0	0
356	chrVIII:37	chrVIII	550594	550744	550669	46461.55600000001	43797.055				0	0	0
357	chrVIII:38	chrVIII	553507	553657	553582	35759.028999999995	39349.802				0	0	0
358	chrVIII:39	chrVIII	556083	556233	556158	80316.38700000002	70130.66999999997	556819	556969	556894.0	1	0	0
359	chrIX:1	chrIX	6767	6917	6842	15114.8212	15206.146800000002				0	0	0
360	chrIX:2	chrIX	7655	7805	7730	65106.03800000001	60327.602				1	0	0
361	chrIX:3	chrIX	16491	16641	16566	92140.468	73389.47200000001				1	0	0
362	chrIX:4	chrIX	30449	30599	30524	11683.276000000005	13911.177300000001				0	0	0
363	chrIX:5	chrIX	33447	33597	33522	71802.133	73563.146				0	0	0
364	chrIX:6	chrIX	47532	47682	47607	3432.8161499999987	4953.069010000001				0	0	0
365	chrIX:7	chrIX	51285	51435	51360	6745.73847	8174.571609999995				0	0	0
366	chrIX:8	chrIX	73909	74059	73984	78615.92199999999	75608.81200000002				1	0	1
367	chrIX:9	chrIX	80187	80337	80262	65389.73400000002	57561.834999999985				0	0	0
368	chrIX:10	chrIX	105841	105991	105916	56811.66799999998	58016.505999999994	105852	106002	105927.0	1	1	0
369	chrIX:11	chrIX	125968	126118	126043	4755.850240000002	6547.2427				0	0	0
370	chrIX:12	chrIX	136177	136327	136252	50540.059	58204.422				1	0	1
371	chrIX:13	chrIX	162987	163137	163062	34555.96299999999	33454.09100000001				0	0	0
372	chrIX:14	chrIX	175211	175361	175286	43685.63399999999	42669.08500000002				1	0	0
373	chrIX:15	chrIX	189865	190015	189940	12894.501500000013	14251.075299999999				0	0	0
374	chrIX:16	chrIX	190865	191015	190940	9534.255300000004	8305.545799999998				0	0	0
375	chrIX:17	chrIX	196723	196873	196798	3734.4755000000014	2286.185569999999	197648	197798	197723.0	0	0	0
376	chrIX:18	chrIX	200175	200325	200250	3461.9897	4140.742600000001				0	0	0
377	chrIX:19	chrIX	214744	214894	214819	46388.84099999999	48901.192999999985	214761	214911	214836.0	1	1	0
378	chrIX:20	chrIX	225244	225394	225319	10226.119299999998	10360.528000000002	226350	226500	226425.0	0	0	0
379	chrIX:21	chrIX	226721	226871	226796	5045.244300000003	7720.416899999998	226350	226500	226425.0	0	0	0
380	chrIX:22	chrIX	237809	237959	237884	2734.4047999999993	3894.1750200000024				0	0	0
381	chrIX:23	chrIX	245834	245984	245909	39834.28400000001	40588.85869999999				1	0	0
382	chrIX:24	chrIX	247701	247851	247776	60316.244000000006	60491.99700000001	247684	247834	247759.0	1	1	0
383	chrIX:25	chrIX	279883	280033	279958	5936.357900000006	7459.89993				0	0	0
384	chrIX:26	chrIX	295823	295973	295898	10204.260400000001	13501.883299999996				0	0	0
385	chrIX:27	chrIX	310611	310761	310686	65181.97299999997	57481.14899999998	310866	311016	310941.0	0	0	0
386	chrIX:28	chrIX	325205	325355	325280	2461.810250000002	2782.1333100000015				0	0	0
387	chrIX:29	chrIX	341881	342031	341956	82201.30500000001	76610.79600000002	341884	342034	341959.0	1	1	0
388	chrIX:30	chrIX	357149	357299	357224	63190.70699999998	65918.61700000001	357182	357332	357257.0	1	1	0
389	chrIX:31	chrIX	406399	406549	406474	19443.2913	23808.538499999995				0	0	0
390	chrIX:32	chrIX	411883	412033	411958	35292.309	28655.382200000007	412146	412296	412221.0	1	1	0
391	chrIX:33	chrIX	432595	432745	432670	55208.12399999999	54702.92299999998				0	0	0
392	chrX:1	chrX	6759	6909	6834	15448.707800000006	16437.1575				0	0	0
393	chrX:2	chrX	7636	7786	7711	65376.08599999998	60775.87899999999				1	0	0
394	chrX:3	chrX	16475	16625	16550	92272.398	73992.54099999997				1	0	0
395	chrX:4	chrX	23825	23975	23900	79560.77899999995	80579.954				1	0	0
396	chrX:5	chrX	67611	67761	67686	79914.07900000001	74517.037				1	1	0
397	chrX:6	chrX	99392	99542	99467	46188.317999999985	51107.17100000002				1	1	0
398	chrX:7	chrX	113567	113717	113642	79393.12400000001	71270.32				1	0	0
399	chrX:8	chrX	161709	161859	161784	56467.20699999999	58929.236999999994				0	0	0
400	chrX:9	chrX	199529	199679	199604	13004.015600000002	14312.079900000004				0	0	0
401	chrX:10	chrX	204410	204560	204485	53531.68699999995	50761.226000000024	204409	204559	204484.0	1	1	0
402	chrX:11	chrX	223493	223643	223568	3986.967599999998	6633.877310000004				0	0	0
403	chrX:12	chrX	228767	228917	228842	78490.31000000003	69302.98500000002				1	1	0
404	chrX:13	chrX	248911	249061	248986	11428.513799999999	15724.838199999995				0	0	0
405	chrX:14	chrX	267213	267363	267288	10588.345700000003	15151.554299999996				0	0	0
406	chrX:15	chrX	269687	269837	269762	5221.999289999997	6060.16916				0	0	0
407	chrX:16	chrX	298963	299113	299038	86883.72500000002	79278.13299999997				1	0	0
408	chrX:17	chrX	324771	324921	324846	8028.667500000002	9416.092999999997				0	0	0
409	chrX:18	chrX	337220	337370	337295	67069.68299999995	70686.44599999997				1	0	1
410	chrX:19	chrX	353750	353900	353825	11855.732900000003	13298.1973	354862	355012	354937.0	0	0	0
411	chrX:20	chrX	354431	354581	354506	18420.728599999995	17362.421199999997	355682	355832	355757.0	0	0	0
412	chrX:21	chrX	374919	375069	374994	51738.392000000014	51436.861	374937	375087	375012.0	1	1	0
413	chrX:22	chrX	376543	376693	376618	12735.629200000001	17329.0178	376106	376256	376181.0	0	0	0
414	chrX:23	chrX	409231	409381	409306	4354.9392100000005	5924.044979999999				0	0	0
415	chrX:24	chrX	417277	417427	417352	46427.775000000016	36382.41799999999	416910	417060	416985.0	1	1	0
416	chrX:25	chrX	442521	442671	442596	48926.39099999999	59610.700999999994	442524	442674	442599.0	1	1	0
417	chrX:26	chrX	455202	455352	455277	8424.671999999999	13099.204300000003				1	0	0
418	chrX:27	chrX	459601	459751	459676	49348.083000000006	46295.709999999985	459608	459758	459683.0	1	0	0
419	chrX:28	chrX	540509	540659	540584	69337.866	56676.027	540502	540652	540577.0	1	1	0
420	chrX:29	chrX	579941	580091	580016	4498.375399999995	9789.354900000002				0	0	0
421	chrX:30	chrX	609466	609616	609541	11024.365099999995	12358.501600000001				0	0	0
422	chrX:31	chrX	613030	613180	613105	33428.17830000001	31730.89289999999	613030	613180	613105.0	1	1	0
423	chrX:32	chrX	628321	628471	628396	2533.8691	4056.5530000000003				0	0	0
424	chrX:33	chrX	644153	644303	644228	31135.275000000005	36965.182499999995	644154	644304	644229.0	0	0	0
425	chrX:34	chrX	654471	654621	654546	55925.50599999999	57168.341	654258	654408	654333.0	1	0	0
426	chrX:35	chrX	683973	684123	684048	22570.270099999998	18462.664499999995	684335	684485	684410.0	1	1	0
427	chrX:36	chrX	711869	712019	711944	65231.52799999998	62675.485999999975				1	0	0
428	chrX:37	chrX	730107	730257	730182	73257.76199999999	70651.72300000004				1	0	1
429	chrX:38	chrX	737190	737340	737265	70226.682	66405.30600000003				1	0	1
430	chrXI:1	chrXI	8209	8359	8284	11248.114699999993	13130.751300000004				1	0	1
431	chrXI:2	chrXI	26427	26577	26502	12440.5475	17192.8799				0	0	0
432	chrXI:3	chrXI	30751	30901	30826	11862.521599999993	14895.782699999996				0	0	0
433	chrXI:4	chrXI	42244	42394	42319	6014.875199999998	5832.539699999999				0	0	0
434	chrXI:5	chrXI	55753	55903	55828	69192.10200000001	67681.64099999997	55768	55918	55843.0	1	1	0
435	chrXI:6	chrXI	79845	79995	79920	6543.8828699999995	8799.6867				0	0	0
436	chrXI:7	chrXI	88981	89131	89056	4922.680810000001	6800.277399999995				1	0	0
437	chrXI:8	chrXI	98352	98502	98427	61875.19000000002	66964.37340000001				1	0	1
438	chrXI:9	chrXI	113672	113822	113747	18891.573399999994	26494.053099999997				0	0	0
439	chrXI:10	chrXI	145540	145690	145615	23753.106	29941.054000000007				0	0	0
440	chrXI:11	chrXI	152970	153120	153045	74490.00800000002	76781.08700000001				1	1	0
441	chrXI:12	chrXI	168839	168989	168914	8571.116	13379.3662				0	0	0
442	chrXI:13	chrXI	191509	191659	191584	9419.942000000001	10260.519600000001				0	0	0
443	chrXI:14	chrXI	196056	196206	196131	17483.9664	27996.20640000001				1	0	0
444	chrXI:15	chrXI	200241	200391	200316	11228.135299999994	16052.087699999998				0	0	0
445	chrXI:16	chrXI	213530	213680	213605	79687.02200000003	74460.78199999995				1	1	0
446	chrXI:17	chrXI	236189	236339	236264	13158.4007	17859.110799999988				0	0	0
447	chrXI:18	chrXI	257881	258031	257956	60040.57000000001	63546.185999999965				0	0	0
448	chrXI:19	chrXI	302603	302753	302678	55976.689999999995	51046.0636	302600	302750	302675.0	0	0	0
449	chrXI:20	chrXI	323119	323269	323194	11235.864799999996	16353.205399999986				0	0	0
450	chrXI:21	chrXI	329727	329877	329802	80533.14699999998	73129.933	329957	330107	330032.0	1	1	0
451	chrXI:22	chrXI	344661	344811	344736	4347.172599999999	7591.834399999999				0	0	0
452	chrXI:23	chrXI	374177	374327	374252	2417.999899999998	4097.0928300000005				0	0	0
453	chrXI:24	chrXI	389030	389180	389105	83104.19700000003	91120.19300000003	389069	389219	389144.0	1	0	1
454	chrXI:25	chrXI	417184	417334	417259	75651.292	68554.56099999999	417119	417269	417194.0	1	1	0
455	chrXI:26	chrXI	427053	427203	427128	2728.9727599999987	4114.664319999999				0	0	0
456	chrXI:27	chrXI	448041	448191	448116	73384.35099999998	73275.85000000003	448070	448220	448145.0	1	1	0
457	chrXI:28	chrXI	454152	454302	454227	13008.303699999993	16400.579299999994				0	0	0
458	chrXI:29	chrXI	457503	457653	457578	71380.736	70235.111	457482	457632	457557.0	0	0	0
459	chrXI:30	chrXI	462781	462931	462856	7252.865199999998	13069.150900000006	462787	462937	462862.0	1	0	0
460	chrXI:31	chrXI	468813	468963	468888	1732.9426399999995	3047.13845				0	0	0
461	chrXI:32	chrXI	491204	491354	491279	2310.0134799999996	2730.3536700000004				0	0	0
462	chrXI:33	chrXI	501051	501201	501126	19967.59309999998	20554.109600000003				0	0	0
463	chrXI:34	chrXI	516673	516823	516748	33542.34599999999	35778.86100000002	516960	517110	517035.5	0	0	0
464	chrXI:35	chrXI	530567	530717	530642	62355.02699999997	49835.07000000001				0	0	0
465	chrXI:36	chrXI	581833	581983	581908	63122.499000000025	66684.885				1	0	1
466	chrXI:37	chrXI	612305	612455	612380	65797.86599999998	69326.98900000003				1	0	1
467	chrXI:38	chrXI	633117	633267	633192	7256.967600000002	6196.221700000002				0	0	0
468	chrXI:39	chrXI	633581	633731	633656	12496.160799999998	15089.206899999996				0	0	0
469	chrXI:40	chrXI	642722	642872	642797	70969.878	70164.66300000003				1	0	1
470	chrXI:41	chrXI	658557	658707	658632	11338.852149999988	11767.072370000002				0	0	0
471	chrXI:42	chrXI	664970	665120	665045	45281.77899999998	43021.13600000001				0	0	0
472	chrXII:1	chrXII	5886	6036	5961	47086.90599999999	38949.013000000006				0	0	0
473	chrXII:2	chrXII	10942	11092	11017	11180.007700000006	9832.618999999995				0	0	0
474	chrXII:3	chrXII	11955	12105	12030	58315.637	56859.319				0	0	0
475	chrXII:4	chrXII	31707	31857	31782	81369.83599999997	82380.23				0	0	0
476	chrXII:5	chrXII	52067	52217	52142	59476.03800000001	63877.361000000004				0	0	0
477	chrXII:6	chrXII	76854	77004	76929	72294.50899999996	79542.76299999998				0	0	0
478	chrXII:7	chrXII	91416	91566	91491	57388.60500000003	65671.29200000002	91403	91553	91478.0	1	1	0
479	chrXII:8	chrXII	93359	93509	93434	12416.133100000003	15846.819199999994				0	0	0
480	chrXII:9	chrXII	139685	139835	139760	52856.62900000003	56535.94099999996	139690	139840	139765.0	0	0	0
481	chrXII:10	chrXII	151175	151325	151250	19642.175299999988	24304.4177	151177	151327	151252.0	1	1	0
482	chrXII:11	chrXII	156643	156793	156718	58598.95600000001	58000.588	156393	156543	156468.0	1	1	0
483	chrXII:12	chrXII	171181	171331	171256	7867.730599999995	8592.123800000001				0	0	0
484	chrXII:13	chrXII	198263	198413	198338	6299.147000000001	7937.207940000005				0	0	0
485	chrXII:14	chrXII	222429	222579	222504	55612.736000000026	62026.74400000001				1	0	0
486	chrXII:15	chrXII	231251	231401	231326	22304.7151	15533.290700000005	231505	231655	231580.0	1	1	0
487	chrXII:16	chrXII	243615	243765	243690	80410.29800000004	73667.94200000001				0	0	0
488	chrXII:17	chrXII	289285	289435	289360	55742.044000000016	55816.55399999998				1	0	1
489	chrXII:18	chrXII	336063	336213	336138	9960.423200000005	10942.464099999994				0	0	0
490	chrXII:19	chrXII	343797	343947	343872	22152.341999999986	25232.699999999986				1	0	0
491	chrXII:20	chrXII	365549	365699	365624	5197.3038	7848.8617				0	0	0
492	chrXII:21	chrXII	373209	373359	373284	27769.47	27251.561000000005	373159	373309	373234.0	1	1	0
493	chrXII:22	chrXII	412708	412858	412783	65149.26199999999	61602.59000000001	412709	412859	412784.0	1	1	0
494	chrXII:23	chrXII	426673	426823	426748	7137.811699999998	8438.775100000003				0	0	0
495	chrXII:24	chrXII	450499	450649	450574	76399.17000000003	79332.18000000002				1	1	0
496	chrXII:25	chrXII	494448	494598	494523	3715.950600000002	4091.5346000000013				0	0	0
497	chrXII:26	chrXII	512975	513125	513050	62678.632	65395.918	513001	513151	513076.0	1	1	0
498	chrXII:27	chrXII	530616	530766	530691	3706.681899999999	3712.293899999998				0	0	0
499	chrXII:28	chrXII	537065	537215	537140	9111.081399999995	11397.913399999996				0	0	0
500	chrXII:29	chrXII	587553	587703	587628	7136.414500000004	6718.917600000005				0	0	0
501	chrXII:30	chrXII	591625	591775	591700	5272.650800000003	5689.428700000003				0	0	0
502	chrXII:31	chrXII	599008	599158	599083	35172.251800000005	42919.86049999999				0	0	0
503	chrXII:32	chrXII	602898	603048	602973	19736.032900000017	27017.97720000001	603239	603389	603314.0	1	1	0
504	chrXII:33	chrXII	607147	607297	607222	7673.270799999998	9437.079200000002				0	0	0
505	chrXII:34	chrXII	622812	622962	622887	64985.98000000001	62788.597				0	0	0
506	chrXII:35	chrXII	644271	644421	644346	6864.951899999997	6882.942900000002				0	0	0
507	chrXII:36	chrXII	645045	645195	645120	20591.202	26511.628999999997				0	0	0
508	chrXII:37	chrXII	659857	660007	659932	70073.97600000001	76302.26300000005	659844	659994	659919.0	1	1	0
509	chrXII:38	chrXII	687633	687783	687708	18546.2146	18392.7489	687267	687417	687342.0	0	0	0
510	chrXII:39	chrXII	688537	688687	688612	13590.476200000006	11922.7748	687267	687417	687342.0	0	0	0
511	chrXII:40	chrXII	718005	718155	718080	5304.718099999998	9277.849200000002				0	0	0
512	chrXII:41	chrXII	730505	730655	730580	35977.809	37356.347100000006				0	0	0
513	chrXII:42	chrXII	744969	745119	745044	55951.12099999998	53398.106000000014	744997	745147	745072.0	1	1	0
514	chrXII:43	chrXII	780717	780867	780792	4404.30388	4998.574730000003				0	0	0
515	chrXII:44	chrXII	786247	786397	786322	25166.599299999998	29152.30110000001				0	0	0
516	chrXII:45	chrXII	794170	794320	794245	64138.45	69838.608	794129	794279	794204.0	1	1	0
517	chrXII:46	chrXII	822059	822209	822134	85248.71500000001	76093.619				0	0	0
518	chrXII:47	chrXII	851991	852141	852066	10490.8338	12071.2116				0	0	0
519	chrXII:48	chrXII	868503	868653	868578	2862.7835300000006	4024.107480000002				0	0	0
520	chrXII:49	chrXII	888613	888763	888688	67192.058	75216.71999999996				1	0	1
521	chrXII:50	chrXII	906867	907017	906942	5720.821199999999	7178.957499999998				0	0	0
522	chrXII:51	chrXII	914941	915091	915016	4378.996499999999	6560.1089				0	0	0
523	chrXII:52	chrXII	928170	928320	928245	95522.66599999998	78843.76799999995				0	0	0
524	chrXII:53	chrXII	947973	948123	948048	37065.624999999985	40777.196				0	0	0
525	chrXII:54	chrXII	975493	975643	975568	13416.1267	16806.9243				0	0	0
526	chrXII:55	chrXII	982811	982961	982886	2463.8919499999993	2856.05989				0	0	0
527	chrXII:56	chrXII	1007197	1007347	1007272	71600.14800000003	70627.92199999999				1	0	1
528	chrXII:57	chrXII	1013728	1013878	1013803	24533.572600000018	28162.7684				1	0	0
529	chrXII:58	chrXII	1024038	1024188	1024113	67617.59499999997	73223.59500000002				1	0	1
530	chrXII:59	chrXII	1043595	1043745	1043670	15832.234899999992	22725.841100000016				0	0	0
531	chrXII:60	chrXII	1059557	1059707	1059632	66940.68599999999	62858.06600000002				1	0	1
532	chrXII:61	chrXII	1064244	1064394	1064319	70586.997	68109.88200000001	1065103	1065253	1065178.5	0	0	0
533	chrXII:62	chrXII	1065203	1065353	1065278	11899.569500000003	12001.245800000004	1065103	1065253	1065178.5	0	0	0
534	chrXII:63	chrXII	1071308	1071458	1071383	47586.772	39837.040900000015				0	0	0
535	chrXIII:1	chrXIII	5327	5477	5402	12657.510700000004	11584.5754				0	0	0
536	chrXIII:2	chrXIII	6203	6353	6278	61644.491000000016	52527.37499999999				0	0	0
537	chrXIII:3	chrXIII	31673	31823	31748	71762.39199999996	69122.61200000002	31689	31839	31764.0	1	1	0
538	chrXIII:4	chrXIII	39881	40031	39956	29479.451000000012	34496.48799999999				1	0	0
539	chrXIII:5	chrXIII	44938	45088	45013	6650.574199999998	6791.591499999998				0	0	0
540	chrXIII:6	chrXIII	49801	49951	49876	11802.491799999994	13296.9759				0	0	0
541	chrXIII:7	chrXIII	73928	74078	74003	19486.839000000004	18763.6854				0	0	0
542	chrXIII:8	chrXIII	94261	94411	94336	48005.001	46869.04700000001				1	0	1
543	chrXIII:9	chrXIII	137293	137443	137368	65597.921	68820.19	137292	137442	137367.0	1	1	0
544	chrXIII:10	chrXIII	159001	159151	159076	21775.68220000001	28912.527599999998				1	0	0
545	chrXIII:11	chrXIII	165353	165503	165428	3905.503500000001	4186.519699999999				0	0	0
546	chrXIII:12	chrXIII	183725	183875	183800	46225.68	46734.495999999985	183748	183898	183823.0	1	1	0
547	chrXIII:13	chrXIII	205481	205631	205556	12642.19	17189.85030000001				0	0	0
548	chrXIII:14	chrXIII	226784	226934	226859	48569.14869999999	56138.05830000001	226796	226946	226871.0	0	0	0
549	chrXIII:15	chrXIII	234481	234631	234556	3116.719859999999	3575.94244				0	0	0
550	chrXIII:16	chrXIII	263107	263257	263182	56259.547999999995	57690.337000000014	263159	263309	263234.0	1	1	0
551	chrXIII:17	chrXIII	268785	268935	268860	18309.629699999994	21245.443499999994	268758	268908	268833.0	0	0	0
552	chrXIII:18	chrXIII	286715	286865	286790	58280.49299999998	50523.12000000002	286741	286891	286816.0	1	1	0
553	chrXIII:19	chrXIII	295013	295163	295088	3181.353289999998	4097.545199999999				0	0	0
554	chrXIII:20	chrXIII	331939	332089	332014	6952.162399999997	7916.387900000006				0	0	0
555	chrXIII:21	chrXIII	339635	339785	339710	5039.8627	7842.444100000002				0	0	0
556	chrXIII:22	chrXIII	341709	341859	341784	16564.000299999996	17564.489199999985				0	0	0
557	chrXIII:23	chrXIII	371013	371163	371088	57732.558999999994	60144.95500000001	370612	370762	370687.0	1	1	0
558	chrXIII:24	chrXIII	394814	394964	394889	9273.9171	11992.0119				0	0	0
559	chrXIII:25	chrXIII	417611	417761	417686	6283.950799999999	8198.957000000004				0	0	0
560	chrXIII:26	chrXIII	421061	421211	421136	45924.40099999999	41461.473000000035				0	0	0
561	chrXIII:27	chrXIII	432975	433125	433050	74203.93000000001	77342.22299999994				0	0	0
562	chrXIII:28	chrXIII	438922	439072	438997	2599.9651999999983	3624.3169000000003				0	0	0
563	chrXIII:29	chrXIII	468401	468551	468476	47046.08299999999	47370.77500000002				1	0	1
564	chrXIII:30	chrXIII	475526	475676	475601	3019.031090000001	3454.186530000001				0	0	0
565	chrXIII:31	chrXIII	482027	482177	482102	10795.966900000001	14534.384599999996				0	0	0
566	chrXIII:32	chrXIII	483255	483405	483330	7186.403269999998	6639.88433				0	0	0
567	chrXIII:33	chrXIII	503539	503689	503614	77677.27300000003	82441.93699999999				1	0	1
568	chrXIII:34	chrXIII	520617	520767	520692	5494.296400000001	7264.327520000003				0	0	0
569	chrXIII:35	chrXIII	535590	535740	535665	75527.843	76527.10300000002				1	1	0
570	chrXIII:36	chrXIII	544929	545079	545004	9955.1573	13519.131999999996				0	0	0
571	chrXIII:37	chrXIII	554475	554625	554550	93538.52299999999	86531.89600000002				1	0	0
572	chrXIII:38	chrXIII	568412	568562	568487	12892.8298	15701.6516				0	0	0
573	chrXIII:39	chrXIII	611141	611291	611216	49837.46000000002	54022.80000000002				1	1	0
574	chrXIII:40	chrXIII	626707	626857	626782	3528.274879999999	4610.078140000003				0	0	0
575	chrXIII:41	chrXIII	634489	634639	634564	47394.68300000001	52331.840800000005				1	0	0
576	chrXIII:42	chrXIII	649333	649483	649408	58340.86000000001	51882.21				1	1	0
577	chrXIII:43	chrXIII	688885	689035	688960	50147.541999999994	61601.765000000014				0	0	0
578	chrXIII:44	chrXIII	718333	718483	718408	16741.76850000001	18370.212499999998				0	0	0
579	chrXIII:45	chrXIII	725670	725820	725745	4422.6803999999975	5290.962789999998				0	0	0
580	chrXIII:46	chrXIII	740053	740203	740128	11988.9138	14673.612000000001				0	0	0
581	chrXIII:47	chrXIII	756979	757129	757054	10697.023600000002	9599.375269999997				0	0	0
582	chrXIII:48	chrXIII	758223	758373	758298	52355.710999999996	55489.14800000001				1	0	1
583	chrXIII:49	chrXIII	772675	772825	772750	44446.424999999974	51832.683000000005				1	0	0
584	chrXIII:50	chrXIII	805113	805263	805188	69141.16200000004	64306.445999999996				1	0	0
585	chrXIII:51	chrXIII	815335	815485	815410	52995.99100000004	45447.495999999985	814193	814343	814268.0	1	1	0
586	chrXIII:52	chrXIII	837445	837595	837520	62308.45699999999	56806.23699999997				0	0	0
587	chrXIII:53	chrXIII	865305	865455	865380	16357.2324	17772.653400000014				0	0	0
588	chrXIII:54	chrXIII	878693	878843	878768	36901.4411	43716.17590000002				0	0	0
589	chrXIII:55	chrXIII	897857	898007	897932	63414.70500000001	63591.47099999999				1	1	0
590	chrXIII:56	chrXIII	905257	905407	905332	2788.9449599999994	2237.01668				0	0	0
591	chrXIII:57	chrXIII	905821	905971	905896	2424.6051800000005	2585.049009999998				0	0	0
592	chrXIII:58	chrXIII	917849	917999	917924	63535.99600000001	60369.28300000004				1	0	0
593	chrXIV:1	chrXIV	7288	7438	7363	53477.47599999998	50249.726				0	0	0
594	chrXIV:2	chrXIV	9969	10119	10044	61930.36100000001	54268.477				0	0	0
595	chrXIV:3	chrXIV	14677	14827	14752	30117.602199999998	37254.58899999999				0	0	0
596	chrXIV:4	chrXIV	28584	28734	28659	78276.61400000002	72063.61200000002				1	0	1
597	chrXIV:5	chrXIV	61648	61798	61723	74539.64999999998	77436.00499999998				1	0	1
598	chrXIV:6	chrXIV	84083	84233	84158	4029.9958100000003	3279.232979999999				0	0	0
599	chrXIV:7	chrXIV	89504	89654	89579	80510.15099999998	79205.411				1	1	0
600	chrXIV:8	chrXIV	102919	103069	102994	3125.5607000000014	4399.248599999998				0	0	0
601	chrXIV:9	chrXIV	116651	116801	116726	2492.4982800000002	3733.161219999998				0	0	0
602	chrXIV:10	chrXIV	126547	126697	126622	56033.77600000001	53348.09999999999				1	0	1
603	chrXIV:11	chrXIV	157387	157537	157462	3157.8727599999997	4069.8373900000006				0	0	0
604	chrXIV:12	chrXIV	169735	169885	169810	81451.57400000001	80587.87900000006				1	0	1
605	chrXIV:13	chrXIV	181024	181174	181099	2589.3081400000005	2711.9650500000007				0	0	0
606	chrXIV:14	chrXIV	196107	196257	196182	46509.412999999986	52744.65800000003				1	0	1
607	chrXIV:15	chrXIV	227185	227335	227260	3886.2192600000017	4714.517489999998				0	0	0
608	chrXIV:16	chrXIV	235729	235879	235804	15526.949799999995	15589.303399999995				0	0	0
609	chrXIV:17	chrXIV	250177	250327	250252	36385.28100000002	33287.311000000016				1	0	1
610	chrXIV:18	chrXIV	279943	280093	280018	75765.06799999996	73733.85699999999				1	0	1
611	chrXIV:19	chrXIV	321989	322139	322064	52649.585	51005.746000000014	321985	322135	322060.0	1	1	0
612	chrXIV:20	chrXIV	343303	343453	343378	26407.011600000005	26303.605999999992				0	0	0
613	chrXIV:21	chrXIV	352705	352855	352780	5802.591	8193.579600000005				0	0	0
614	chrXIV:22	chrXIV	358887	359037	358962	21379.272400000013	24732.9186				0	0	0
615	chrXIV:23	chrXIV	412253	412403	412328	68857.53000000003	63833.712000000014				1	0	1
616	chrXIV:24	chrXIV	449521	449671	449596	56291.824	57862.205000000016				1	0	1
617	chrXIV:25	chrXIV	498950	499100	499025	72025.444	70072.46600000003				1	0	1
618	chrXIV:26	chrXIV	539755	539905	539830	4018.895779999997	5524.2987				0	0	0
619	chrXIV:27	chrXIV	545968	546118	546043	42751.01299999998	45666.303000000014	546024	546174	546099.0	1	0	0
620	chrXIV:28	chrXIV	561259	561409	561334	45745.64199999996	32993.8571	561255	561405	561330.0	1	1	0
621	chrXIV:29	chrXIV	581727	581877	581802	8038.717799999998	11084.756600000004	581728	581878	581803.0	0	0	0
622	chrXIV:30	chrXIV	586874	587024	586949	4690.139900000002	5507.238699999998				0	0	0
623	chrXIV:31	chrXIV	609509	609659	609584	53496.558	51516.48100000003	609528	609678	609603.0	1	1	0
624	chrXIV:32	chrXIV	635763	635913	635838	77332.15200000002	81745.51899999999	635765	635915	635840.0	1	1	0
625	chrXIV:33	chrXIV	691536	691686	691611	81163.572	82956.04999999997				1	0	1
626	chrXIV:34	chrXIV	713751	713901	713826	48926.921000000046	45132.183999999994				0	0	0
627	chrXIV:35	chrXIV	730626	730776	730701	4581.788699999998	6220.042599999998				0	0	0
628	chrXIV:36	chrXIV	738687	738837	738762	66790.338	72311.38399999999				0	0	0
629	chrXIV:37	chrXIV	759295	759445	759370	7606.093800000001	11585.163799999998				0	0	0
630	chrXIV:38	chrXIV	764295	764445	764370	70021.59200000002	74269.16199999998				0	0	0
631	chrXIV:39	chrXIV	776504	776654	776579	2515.4215300000005	3335.4796800000004				0	0	0
632	chrXV:1	chrXV	10845	10995	10920	84303.23499999999	74811.30700000002				0	0	0
633	chrXV:2	chrXV	18985	19135	19060	54745.51200000001	50970.465999999986				0	0	0
634	chrXV:3	chrXV	24283	24433	24358	5798.3906000000015	7345.834700000001				0	0	0
635	chrXV:4	chrXV	35712	35862	35787	58363.049000000006	49567.661999999975	35690	35840	35765.0	1	1	0
636	chrXV:5	chrXV	44751	44901	44826	8636.640460000002	9062.366780000006				0	0	0
637	chrXV:6	chrXV	72650	72800	72725	69792.368	70377.35500000003				1	0	0
638	chrXV:7	chrXV	85227	85377	85302	77497.93900000004	77269.19399999994				1	1	0
639	chrXV:8	chrXV	103527	103677	103602	7661.6033	12800.290700000005				0	0	0
640	chrXV:9	chrXV	113856	114006	113931	33954.14180000001	42981.27349999998	113857	114007	113932.0	1	1	0
641	chrXV:10	chrXV	129214	129364	129289	3388.4711	4919.597279999996				0	0	0
642	chrXV:11	chrXV	137825	137975	137900	4236.372799999999	7301.190900000001				0	0	0
643	chrXV:12	chrXV	150229	150379	150304	7135.0601000000015	7010.131199999998				0	0	0
644	chrXV:13	chrXV	155027	155177	155102	33169.1937	34851.225999999995				0	0	0
645	chrXV:14	chrXV	166993	167143	167068	57773.64200000001	56109.56400000003	166978	167128	167053.0	1	1	0
646	chrXV:15	chrXV	227557	227707	227632	52369.38299999999	47806.441999999995	227527	227677	227602.0	0	0	0
647	chrXV:16	chrXV	277623	277773	277698	44375.14599999999	39027.275	277833	277983	277908.0	1	1	0
648	chrXV:17	chrXV	309136	309286	309211	64648.17899999999	68288.06299999998	309127	309277	309202.0	1	1	0
649	chrXV:18	chrXV	331937	332087	332012	6643.391699999989	9086.871500000001	331225	331375	331300.0	0	0	0
650	chrXV:19	chrXV	337377	337527	337452	83254.74600000003	79994.97900000002	337358	337508	337433.0	1	1	0
651	chrXV:20	chrXV	348277	348427	348352	60852.36899999999	51275.617000000006				0	0	0
652	chrXV:21	chrXV	354625	354775	354700	96494.84499999997	89497.07400000004	354627	354777	354702.0	0	0	0
653	chrXV:22	chrXV	372070	372220	372145	15986.684400000004	20584.6723				0	0	0
654	chrXV:23	chrXV	389522	389672	389597	3659.1683800000005	5174.044739999999				0	0	0
655	chrXV:24	chrXV	426079	426229	426154	3193.5005999999994	5201.338300000001				0	0	0
656	chrXV:25	chrXV	436758	436908	436833	74125.64499999999	66966.457	436674	436824	436749.0	0	0	0
657	chrXV:26	chrXV	458595	458745	458670	7730.085799999998	11980.308999999994				0	0	0
658	chrXV:27	chrXV	464149	464299	464224	67669.54200000002	61737.904999999984				0	0	0
659	chrXV:28	chrXV	489814	489964	489889	82031.85999999999	81292.57599999999				1	1	0
660	chrXV:29	chrXV	497153	497303	497228	71000.12400000003	75599.07100000004				0	0	0
661	chrXV:30	chrXV	520537	520687	520612	3839.4560000000006	8192.606399999999				0	0	0
662	chrXV:31	chrXV	564281	564431	564356	15306.160999999996	21795.241199999993				0	0	0
663	chrXV:32	chrXV	578440	578590	578515	10443.547	13835.757199999996				0	0	0
664	chrXV:33	chrXV	600802	600952	600877	80169.00400000002	81354.56299999998				1	0	1
665	chrXV:34	chrXV	617253	617403	617328	26696.54149999999	30529.365999999998				1	0	0
666	chrXV:35	chrXV	630653	630803	630728	3812.580350000001	4800.362160000001				0	0	0
667	chrXV:36	chrXV	646920	647070	646995	5559.894400000001	5523.0554999999995				0	0	0
668	chrXV:37	chrXV	656681	656831	656756	64290.845999999976	69808.96300000002				1	0	1
669	chrXV:38	chrXV	663661	663811	663736	11427.146599999996	14677.422599999996				0	0	0
670	chrXV:39	chrXV	670401	670551	670476	22562.335000000003	25200.383399999995				0	0	0
671	chrXV:40	chrXV	681297	681447	681372	62655.70700000002	65816.43199999997				0	0	0
672	chrXV:41	chrXV	715363	715513	715438	6391.2353	5912.87569				0	0	0
673	chrXV:42	chrXV	729708	729858	729783	54921.82700000003	63702.39179999998				1	0	0
674	chrXV:43	chrXV	766649	766799	766724	73787.95999999999	75751.22499999998				1	0	1
675	chrXV:44	chrXV	783317	783467	783392	70982.70500000002	69530.79499999998				1	0	1
676	chrXV:45	chrXV	800728	800878	800803	6196.066199999997	10991.733800000005				0	0	0
677	chrXV:46	chrXV	848269	848419	848344	5323.110900000001	8417.9101				0	0	0
678	chrXV:47	chrXV	854992	855142	855067	25377.8905	29256.1454				0	0	0
679	chrXV:48	chrXV	874248	874398	874323	70226.53400000001	77544.30000000003				1	1	0
680	chrXV:49	chrXV	882779	882929	882854	2731.1184	3851.221300000001				0	0	0
681	chrXV:50	chrXV	884225	884375	884300	4836.616300000003	4970.043900000003				0	0	0
682	chrXV:51	chrXV	898810	898960	898885	7997.243600000001	6712.129000000003				0	0	0
683	chrXV:52	chrXV	899552	899702	899627	5615.852799999998	6180.1265				0	0	0
684	chrXV:53	chrXV	901703	901853	901778	6292.0916	7889.831599999999				0	0	0
685	chrXV:54	chrXV	902391	902541	902466	10047.651500000004	13311.178299999998				0	0	0
686	chrXV:55	chrXV	908258	908408	908333	71159.77000000003	67454.465				1	1	0
687	chrXV:56	chrXV	946017	946167	946092	17508.734200000006	19035.976700000003				0	0	0
688	chrXV:57	chrXV	981481	981631	981556	53568.45099999999	60482.81000000003				1	1	0
689	chrXV:58	chrXV	998206	998356	998281	35943.12840000002	40258.03200000002				0	0	0
690	chrXV:59	chrXV	1012997	1013147	1013072	24130.0317	25124.3414				0	0	0
691	chrXV:60	chrXV	1019616	1019766	1019691	7876.446900000001	10603.527899999997				0	0	0
692	chrXV:61	chrXV	1023252	1023402	1023327	9648.698499999993	13413.341899999998				0	0	0
693	chrXV:62	chrXV	1025591	1025741	1025666	4305.600500000001	5739.838100000003				0	0	0
694	chrXV:63	chrXV	1034273	1034423	1034348	6741.348899999999	8962.939400000003				0	0	0
695	chrXV:64	chrXV	1053644	1053794	1053719	45925.69699999998	33484.1533	1054052	1054202	1054127.0	0	0	0
696	chrXV:65	chrXV	1057837	1057987	1057912	10412.4675	13858.049600000004				0	0	0
697	chrXV:66	chrXV	1059506	1059656	1059581	9352.407999999996	13862.101900000001				0	0	0
698	chrXV:67	chrXV	1071589	1071739	1071664	25536.70600000001	30569.182999999997				0	0	0
699	chrXV:68	chrXV	1078131	1078281	1078206	65846.80599999997	62970.487000000016				0	0	0
700	chrXV:69	chrXV	1083899	1084049	1083974	62696.38900000001	54233.14200000003				0	0	0
701	chrXV:70	chrXV	1084683	1084833	1084758	13919.048299999999	13271.512299999993				0	0	0
702	chrXVI:1	chrXVI	6303	6453	6378	13298.50149999999	12395.23819999999				0	0	0
703	chrXVI:2	chrXVI	7095	7245	7170	63010.164	54608.19399999999				0	0	0
704	chrXVI:3	chrXVI	12849	12999	12924	64716.87699999997	63915.702				0	0	0
705	chrXVI:4	chrXVI	19106	19256	19181	23847.232999999993	29256.12779999999				1	0	0
706	chrXVI:5	chrXVI	19801	19951	19876	4015.5207999999993	4475.557500000001				0	0	0
707	chrXVI:6	chrXVI	25849	25999	25924	5411.39768	5316.344720000003				0	0	0
708	chrXVI:7	chrXVI	43101	43251	43176	65988.07200000001	69673.52300000003				1	0	1
709	chrXVI:8	chrXVI	73065	73215	73140	75910.662	69214.85399999999				1	1	0
710	chrXVI:9	chrXVI	90391	90541	90466	63313.625000000015	70042.94000000002				0	0	0
711	chrXVI:10	chrXVI	104669	104819	104744	3477.4828200000006	4775.283569999996				0	0	0
712	chrXVI:11	chrXVI	116507	116657	116582	70724.94999999997	65456.58199999999				1	0	1
713	chrXVI:12	chrXVI	153172	153322	153247	4590.038229999999	5827.806940000002				0	0	0
714	chrXVI:13	chrXVI	162439	162589	162514	73185.15899999999	80595.38399999996				1	0	1
715	chrXVI:14	chrXVI	170489	170639	170564	2561.4293400000006	3343.11201				0	0	0
716	chrXVI:15	chrXVI	171187	171337	171262	2663.048699999999	3704.9772599999983				0	0	0
717	chrXVI:16	chrXVI	179073	179223	179148	15547.430799999998	20860.688100000003				0	0	0
718	chrXVI:17	chrXVI	190550	190700	190625	29750.76000000001	28448.535000000003				0	0	0
719	chrXVI:18	chrXVI	203263	203413	203338	1851.128859999999	2840.9134799999983				0	0	0
720	chrXVI:19	chrXVI	210746	210896	210821	70567.47400000003	66099.873				0	0	0
721	chrXVI:20	chrXVI	224127	224277	224202	16417.893000000007	19236.04209999999				0	0	0
722	chrXVI:21	chrXVI	241545	241695	241620	11471.807200000001	15934.555100000003				0	0	0
723	chrXVI:22	chrXVI	250498	250648	250573	29170.252100000005	32361.490799999996				0	0	0
724	chrXVI:23	chrXVI	255523	255673	255598	3187.7194999999992	5028.171499999999				0	0	0
725	chrXVI:24	chrXVI	261451	261601	261526	87337.37200000002	73167.04499999998				1	0	1
726	chrXVI:25	chrXVI	274330	274480	274405	3530.574419999999	4786.605469999997				0	0	0
727	chrXVI:26	chrXVI	289451	289601	289526	88851.27300000002	80241.49				1	1	0
728	chrXVI:27	chrXVI	298391	298541	298466	27287.094300000004	31445.818800000012				0	0	0
729	chrXVI:28	chrXVI	304337	304487	304412	12025.982099999996	15251.887099999994				0	0	0
730	chrXVI:29	chrXVI	317456	317606	317531	80737.59499999994	76054.98700000007				0	0	0
731	chrXVI:30	chrXVI	323769	323919	323844	20773.74559999999	23403.37000000001				0	0	0
732	chrXVI:31	chrXVI	331769	331919	331844	62386.859999999986	63936.29699999999				1	0	0
733	chrXVI:32	chrXVI	369529	369679	369604	2858.852700000001	3153.2387000000003				0	0	0
734	chrXVI:33	chrXVI	377041	377191	377116	4183.799629999999	6020.288679999997				0	0	0
735	chrXVI:34	chrXVI	384523	384673	384598	87311.55399999997	89891.452				1	1	0
736	chrXVI:35	chrXVI	415565	415715	415640	7881.347499999997	11830.202399999991				0	0	0
737	chrXVI:36	chrXVI	418155	418305	418230	70097.82199999997	67778.02799999999	418154	418304	418229.0	1	1	0
738	chrXVI:37	chrXVI	427725	427875	427800	24480.62	27803.091499999995				0	0	0
739	chrXVI:38	chrXVI	439371	439521	439446	8929.317499999996	12372.492699999999				0	0	0
740	chrXVI:39	chrXVI	440913	441063	440988	15151.138700000003	17351.5271				0	0	0
741	chrXVI:40	chrXVI	456713	456863	456788	34921.03700000001	34544.511999999995				1	0	1
742	chrXVI:41	chrXVI	467003	467153	467078	4745.200500000003	5973.032499999997				0	0	0
743	chrXVI:42	chrXVI	488443	488593	488518	2683.6094399999993	3293.2914799999994				0	0	0
744	chrXVI:43	chrXVI	499479	499629	499554	6092.1123	9715.219199999998				0	0	0
745	chrXVI:44	chrXVI	511671	511821	511746	66976.02499999998	66574.40999999999	511668	511818	511743.0	1	1	0
746	chrXVI:45	chrXVI	553345	553495	553420	39136.427	50082.959999999985	553351	553501	553426.0	0	0	0
747	chrXVI:46	chrXVI	558383	558533	558458	3491.34115	4008.177719999999				0	0	0
748	chrXVI:47	chrXVI	563809	563959	563884	66990.47800000002	72871.472	563840	563990	563915.0	1	1	0
749	chrXVI:48	chrXVI	565076	565226	565151	12092.44889999999	16372.147700000003	563840	563990	563915.0	1	0	0
750	chrXVI:49	chrXVI	568943	569093	569018	6923.061199999998	8658.759399999999				0	0	0
751	chrXVI:50	chrXVI	584276	584426	584351	40864.475000000006	36528.98399999998				0	0	0
752	chrXVI:51	chrXVI	600385	600535	600460	9865.327800000003	14284.915199999989				0	0	0
753	chrXVI:52	chrXVI	603603	603753	603678	6737.903900000002	11102.75400000001				0	0	0
754	chrXVI:53	chrXVI	619999	620149	620074	8427.429699999997	12055.076100000002				0	0	0
755	chrXVI:54	chrXVI	633915	634065	633990	41256.93	38392.332899999994	633911	634061	633986.0	1	1	0
756	chrXVI:55	chrXVI	684323	684473	684398	54877.76399999999	55509.13499999997	684375	684525	684450.0	1	0	0
757	chrXVI:56	chrXVI	695435	695585	695510	60360.43299999998	59748.890999999996				1	1	0
758	chrXVI:57	chrXVI	728809	728959	728884	14133.621800000004	19371.481900000013				0	0	0
759	chrXVI:58	chrXVI	749038	749188	749113	64025.033	74653.48699999998				1	0	0
760	chrXVI:59	chrXVI	776902	777052	776977	71450.47899999993	67522.87399999997	776918	777068	776993.0	1	1	0
761	chrXVI:60	chrXVI	819207	819357	819282	71723.30499999996	69179.95199999998				1	1	0
762	chrXVI:61	chrXVI	824731	824881	824806	5426.971899999999	7115.6257000000005				0	0	0
763	chrXVI:62	chrXVI	830839	830989	830914	7646.507300000001	10050.515000000003				0	0	0
764	chrXVI:63	chrXVI	842719	842869	842794	72213.65099999997	63891.16099999998				1	1	0
765	chrXVI:64	chrXVI	864042	864192	864117	12893.845900000002	14490.096299999988				0	0	0
766	chrXVI:65	chrXVI	868342	868492	868417	6247.3051	6672.073400000003				0	0	0
767	chrXVI:66	chrXVI	881198	881348	881273	48012.911	46367.499				1	0	1
768	chrXVI:67	chrXVI	909547	909697	909622	4190.872589999999	3315.6389900000004				0	0	0
769	chrXVI:68	chrXVI	929661	929811	929736	36796.380000000005	32087.01069999999				0	0	0
770	chrXVI:69	chrXVI	933108	933258	933183	96044.51999999999	82487.77600000003				1	0	1
771	chrXVI:70	chrXVI	942362	942512	942437	96109.737	78971.61300000004	942727	942877	942802.5	1	0	1
